use gestion;

delete from coureur;
delete from club;
delete from categorie;

-- l'instruction truncate n'est pas utilisable sur une table liée par des contraintes de référence avec une autre table
-- dans ce cas, il faut utiliser la commande delete suivie de alter table nomTable auto_increment = 0;

INSERT INTO categorie (id, nom, ageMin, ageMax)
VALUES ('CA', 'Cadet', 16, 17),
       ('ES', 'Espoir', 20, 22),
       ('JU', 'Junior', 18, 19),
       ('M0', 'Master 0', 35, 39),
       ('M1', 'Master 1', 40, 44),
       ('M10', 'Master 10', 85, 99),
       ('M2', 'Master 2', 45, 49),
       ('M3', 'Master 3', 50, 54),
       ('M4', 'Master 4', 55, 59),
       ('M5', 'Master 5', 60, 64),
       ('M6', 'Master 6', 65, 69),
       ('M7', 'Master 7', 70, 74),
       ('M8', 'Master 8', 75, 79),
       ('M9', 'Master 9', 80, 84),
       ('MI', 'Minime', 14, 15),
       ('SE', 'Senior', 23, 34);

INSERT INTO club (id, nom, fichier)
VALUES ('080004', 'AMIENS UC', 'auc.png'),
       ('080014', 'US CAMON', 'camon.png'),
       ('080021', 'AMICALE DU VAL DE SOMME', 'vds.png'),
       ('080027', 'SAINT-OUEN DSL', 'dsl.png'),
       ('080028', 'ALBERT MEAULTE AEROSPA.AC', 'amaac.png'),
       ('080044', 'RUNNING CLUB DE CORBIE', 'rcc.png'),
       ('080049', 'ESPRIT RUN', 'espritrun.webp'),
       ('080061', 'VYTAJOG', 'vytajog.png'),
       ('080071', 'SPORTING CLUB ABBEVILLOIS ATHL', 'sca.png'),
       ('080045', 'PERONNE ATHLETISME CLUB', 'peronne.png'),
       ('080060', 'RUNNING CLUB ABBEVILLOIS', 'rca.png');

INSERT INTO coureur (licence, nom, prenom, sexe, dateNaissance, idCategorie, idClub, ffa, email, telephone)
VALUES ('000010', 'SOUFFLET', 'STEPHANE', 'M', '1976-04-14', 'M2', '080028', 0, NULL, NULL),
       ('000011', 'MELET', 'VINCENT', 'M', '1984-10-01', 'M1', '080044', 0, NULL, NULL),
       ('000012', 'HUANT LEPINE', 'ANNIE', 'F', '1962-06-22', 'M5', '080021', 0, NULL, NULL),
       ('1062520', 'MASCRE', 'CHRISTINE', 'F', '1962-02-14', 'M5', '080049', 0, NULL, NULL),
       ('1062529', 'DIETRICH', 'PASCAL', 'M', '1971-03-27', 'M3', '080021', 0, NULL, NULL),
       ('1062531', 'DELATTRE', 'JEAN MARIE', 'M', '1951-08-30', 'M7', '080021', 0, NULL, NULL),
       ('1062538', 'CARON', 'DOMINIQUE', 'M', '1971-06-28', 'M3', '080061', 0, NULL, NULL),
       ('1062540', 'MELIQUE', 'JEAN MARC', 'M', '1958-03-19', 'M6', '080021', 0, NULL, NULL),
       ('1062542', 'DEKOONINCK', 'JEAN PAUL', 'M', '1957-10-25', 'M6', '080021', 0, NULL, NULL),
       ('1062544', 'WYCKAERT', 'CHRISTIAN', 'M', '1961-05-21', 'M5', '080021', 0, NULL, NULL),
       ('1062547', 'ROCHE', 'DANIELLE', 'F', '1949-06-29', 'M8', '080021', 0, NULL, NULL),
       ('1062612', 'DEBEAUVAIS', 'CHRISTIAN', 'M', '1957-03-24', 'M6', '080021', 0, NULL, NULL),
       ('1062615', 'CARANTON', 'BERNARD', 'M', '1963-11-10', 'M5', '080021', 0, NULL, NULL),
       ('1062616', 'BARBIER', 'JEAN MARC', 'M', '1960-10-09', 'M6', '080021', 0, NULL, NULL),
       ('1062617', 'GERVOISE', 'MAXIMILIEN', 'M', '1983-04-21', 'M1', '080049', 0, NULL, NULL),
       ('1062618', 'SIMIONI', 'CLAUDE', 'F', '1957-04-21', 'M6', '080021', 0, NULL, NULL),
       ('1062620', 'GILLON', 'BRIGITTE', 'F', '1965-11-27', 'M5', '080021', 0, NULL, NULL),
       ('1062659', 'DELEFOLLY', 'BENOIT', 'M', '1982-05-21', 'M1', '080014', 0, NULL, NULL),
       ('1062670', 'LEBESGUE', 'BRUNO', 'M', '1968-01-05', 'M4', '080014', 0, NULL, NULL),
       ('1063342', 'CARANTON', 'BEATRICE', 'F', '1967-06-13', 'M4', '080021', 0, NULL, NULL),
       ('1063343', 'DAMIENS', 'DOMINIQUE', 'M', '1961-08-23', 'M5', '080021', 0, NULL, NULL),
       ('1063347', 'LEBEAU', 'PATRICE', 'M', '1956-11-27', 'M6', '080021', 0, NULL, NULL),
       ('1064555', 'GAY', 'ERIC', 'M', '1965-11-24', 'M5', '080021', 0, NULL, NULL),
       ('1064889', 'SOUFFLET', 'VALERIE', 'F', '1974-04-16', 'M3', '080028', 0, NULL, NULL),
       ('1067964', 'KAESER', 'DIDIER', 'M', '1961-01-21', 'M5', '080021', 0, NULL, NULL),
       ('1078681', 'MOY', 'PHILIPPE', 'M', '1966-09-27', 'M4', '080021', 0, NULL, NULL),
       ('1079158', 'JOLY', 'JEAN PIERRE', 'M', '1957-12-22', 'M6', '080021', 0, NULL, NULL),
       ('1080735', 'BREHON', 'LAURENT', 'M', '1969-06-07', 'M4', '080044', 0, NULL, NULL),
       ('1081918', 'CROUTTE', 'JEAN RAYMOND', 'M', '1962-04-28', 'M5', '080049', 0, NULL, NULL),
       ('1082420', 'LISEK', 'CELINE', 'F', '1983-02-06', 'M1', '080044', 0, NULL, NULL),
       ('1084308', 'TURBEAU', 'RAYMOND', 'M', '1955-12-14', 'M7', '080021', 0, NULL, NULL),
       ('1086136', 'LEDREUX', 'JOSE', 'M', '1965-02-16', 'M5', '080021', 0, NULL, NULL),
       ('1095504', 'BELLEMERE', 'THIERRY', 'M', '1969-07-20', 'M4', '080021', 0, NULL, NULL),
       ('1095945', 'DAMAY', 'OLIVIER', 'M', '1961-06-07', 'M5', '080021', 0, NULL, NULL),
       ('1095947', 'HECART', 'DANIEL', 'M', '1968-05-24', 'M4', '080021', 0, NULL, NULL),
       ('1102338', 'BIALAIS', 'FREDERIC', 'M', '1984-07-20', 'M1', '080028', 0, NULL, NULL),
       ('1102547', 'POLOSSE', 'JEAN PAUL', 'M', '1952-11-11', 'M7', '080021', 0, NULL, NULL),
       ('1109905', 'LECOIN', 'HELENE', 'F', '1976-09-14', 'M2', '080071', 0, NULL, NULL),
       ('1114122', 'CROIZE', 'JACQUES', 'M', '1971-05-12', 'M3', '080014', 0, NULL, NULL),
       ('1114687', 'NOREL', 'THIERRY', 'M', '1974-01-06', 'M3', '080014', 0, NULL, NULL),
       ('1115977', 'DUBREUCQ', 'ANTOINE', 'M', '1983-11-01', 'M1', '080021', 0, NULL, NULL),
       ('1115979', 'DUBREUCQ', 'LUDOVIC', 'M', '1982-06-22', 'M1', '080021', 0, NULL, NULL),
       ('1119810', 'CAPART', 'MARYSE', 'F', '1959-06-30', 'M6', '080021', 0, NULL, NULL),
       ('1124257', 'PELOSO', 'PIERRE', 'M', '1969-04-26', 'M4', '080021', 0, NULL, NULL),
       ('1124414', 'LIBESSART', 'DANIEL', 'M', '1967-02-27', 'M4', '080021', 0, NULL, NULL),
       ('1124611', 'PILOT', 'DIMITRI', 'M', '1988-12-18', 'M0', '080028', 0, NULL, NULL),
       ('1134664', 'DELATTRE', 'EMMANUEL', 'M', '1957-03-27', 'M6', '080049', 0, NULL, NULL),
       ('1145800', 'BEAUJARD', 'PHILIPPE', 'M', '1970-09-12', 'M4', '080014', 0, NULL, NULL),
       ('1149978', 'HAMIEZ', 'BERNARD', 'M', '1969-03-04', 'M4', '080044', 0, NULL, NULL),
       ('1156526', 'RUET', 'JIMMY', 'M', '1995-09-22', 'SE', '080021', 0, NULL, NULL),
       ('1158463', 'ELIAS', 'EMMANUEL', 'M', '1974-02-05', 'M3', '080014', 0, NULL, NULL),
       ('1159220', 'LAZURE', 'DOMINIQUE', 'M', '1971-07-08', 'M3', '080021', 0, NULL, NULL),
       ('1165311', 'BOUCHER', 'DENIS', 'M', '1969-12-25', 'M4', '080021', 0, NULL, NULL),
       ('1172476', 'BRUSSELLE', 'DANIA', 'F', '1968-05-27', 'M4', '080049', 0, NULL, NULL),
       ('1179489', 'ROSE', 'JEAN CHRISTOPHE', 'M', '1976-05-10', 'M2', '080049', 0, NULL, NULL),
       ('1180115', 'LEFEBVRE', 'CHRISTOPHE', 'M', '1975-06-07', 'M3', '080044', 0, NULL, NULL),
       ('118034', 'LAFORGUE', 'EMMANUEL', 'M', '1981-06-05', 'M1', '080014', 0, NULL, NULL),
       ('1183280', 'SIRJACOBS', 'ROSINE', 'F', '1956-01-24', 'M6', '080049', 0, NULL, NULL),
       ('1184435', 'DUBUC', 'FRANCIS', 'M', '1965-09-09', 'M5', '080021', 0, NULL, NULL),
       ('1187974', 'DEGAVRE', 'MATHIEU', 'M', '1985-12-22', 'M1', '080021', 0, NULL, NULL),
       ('1188800', 'LADENT', 'SEBASTIEN', 'M', '1977-07-30', 'M2', '080044', 0, NULL, NULL),
       ('1189313', 'MALGARINI', 'CAMILLE', 'F', '1997-06-12', 'SE', '080014', 0, NULL, NULL),
       ('1191078', 'VIOT', 'DAVID', 'M', '1978-05-17', 'M2', '080049', 0, NULL, NULL),
       ('1191083', 'KELLER', 'BASTIEN', 'M', '1981-02-21', 'M1', '080049', 0, NULL, NULL),
       ('1191092', 'HAMIEZ', 'MICKAEL', 'M', '1979-08-04', 'M2', '080021', 0, NULL, NULL),
       ('1192957', 'LALLIER', 'LAETITIA', 'F', '1986-03-20', 'M0', '080049', 0, NULL, NULL),
       ('1195994', 'BOUREL', 'DIDIER', 'M', '1972-05-09', 'M3', '080028', 0, NULL, NULL),
       ('1196327', 'COULMONT', 'ALAIN', 'M', '1970-08-04', 'M4', '080071', 0, NULL, NULL),
       ('120612', 'CAULET', 'DOMINIQUE', 'M', '1956-10-04', 'M6', '080028', 0, NULL, NULL),
       ('1206224', 'CARLE', 'ERIC', 'M', '1972-04-14', 'M3', '080061', 0, NULL, NULL),
       ('1207713', 'LECAT', 'FLORENCE', 'F', '1969-10-18', 'M4', '080044', 0, NULL, NULL),
       ('1209651', 'PIC', 'STEPHANE', 'M', '1977-08-09', 'M2', '080021', 0, NULL, NULL),
       ('1209959', 'BOIDIN', 'OLIVIER', 'M', '1973-07-18', 'M3', '080028', 0, NULL, NULL),
       ('1212503', 'BOIZART', 'FREDERIC', 'M', '1978-12-26', 'M2', '080014', 0, NULL, NULL),
       ('1212555', 'MARTIN', 'OLIVIER', 'M', '1965-05-02', 'M5', '080061', 0, NULL, NULL),
       ('1212556', 'VERMUNT', 'CORINNE', 'F', '1972-09-17', 'M3', '080014', 0, NULL, NULL),
       ('1212557', 'VERMUNT', 'JEAN MARC', 'M', '1971-07-05', 'M3', '080014', 0, NULL, NULL),
       ('1213956', 'BRET', 'CHRISTOPHE', 'M', '1977-12-08', 'M2', '080004', 0, NULL, NULL),
       ('1214548', 'VASSEUR', 'CHRISTOPHE', 'M', '1974-07-01', 'M3', '080028', 0, NULL, NULL),
       ('1216712', 'FAUCHEUX', 'LAURENCE', 'F', '1975-06-15', 'M3', '080021', 0, NULL, NULL),
       ('1217179', 'CHICHERY', 'FABIEN', 'M', '1979-08-05', 'M2', '080049', 0, NULL, NULL),
       ('1217206', 'ANDRE', 'STEPHANE', 'M', '1979-02-16', 'M2', '080021', 0, NULL, NULL),
       ('1217207', 'LASSALLE', 'DOMINIQUE', 'M', '1971-02-08', 'M3', '080021', 0, NULL, NULL),
       ('1217329', 'DENEUX', 'CLAUDE', 'M', '1975-07-12', 'M3', '080071', 0, NULL, NULL),
       ('1217891', 'FLAMENT', 'SAMUEL', 'M', '1988-01-26', 'M0', '080044', 0, NULL, NULL),
       ('1221034', 'DUVIELGUERBIGNY', 'BENOIT', 'M', '1981-03-05', 'M1', '080049', 0, NULL, NULL),
       ('122697', 'DHEILLY', 'AMELINE', 'F', '1993-07-02', 'SE', '080014', 0, NULL, NULL),
       ('123148', 'STROH', 'SYLVIE', 'F', '1961-05-14', 'M5', '080061', 0, NULL, NULL),
       ('1233503', 'FLAUTRE', 'VINCENT', 'M', '1966-06-08', 'M4', '080021', 0, NULL, NULL),
       ('1234354', 'BLIN LEFEVRE', 'LANCELOT', 'M', '2005-03-02', 'ES', '080004', 0, NULL, NULL),
       ('1245397', 'GORDOR', 'FREDERIC', 'M', '1983-11-27', 'M1', '080021', 0, NULL, NULL),
       ('1245399', 'BASIN', 'JEROME', 'M', '1979-06-22', 'M2', '080049', 0, NULL, NULL),
       ('1246359', 'DUVETTE', 'MAXIMILIEN', 'M', '1992-08-25', 'SE', '080021', 0, NULL, NULL),
       ('1248499', 'PIGNON', 'PATRICK', 'M', '1968-07-13', 'M4', '080021', 0, NULL, NULL),
       ('1251762', 'VOISIN', 'SANDRINE', 'F', '1975-01-11', 'M3', '080028', 0, NULL, NULL),
       ('1254657', 'GELE', 'GREGORY', 'M', '1990-01-26', 'M0', '080014', 0, NULL, NULL),
       ('1259972', 'HALLIER', 'GILLES', 'M', '1964-10-25', 'M5', '080021', 0, NULL, NULL),
       ('1261871', 'NANTOIS', 'LAETITIA', 'F', '1980-08-23', 'M2', '080049', 0, NULL, NULL),
       ('126530', 'PRUDHOMME', 'JEAN PIERRE', 'M', '1965-01-11', 'M5', '080021', 0, NULL, NULL),
       ('1265836', 'RINGARD', 'BRUNO', 'M', '1970-08-24', 'M4', '080021', 0, NULL, NULL),
       ('1265896', 'FREIH', 'NAIMA', 'F', '2007-08-08', 'JU', '080014', 0, NULL, NULL),
       ('1267512', 'FATIER', 'ODILE', 'F', '1977-03-25', 'M2', '080021', 0, NULL, NULL),
       ('1267588', 'DELCROS', 'CRISTELE', 'F', '1973-11-20', 'M3', '080014', 0, NULL, NULL),
       ('1269267', 'GOSSELIN', 'VIRGINIE', 'F', '1980-04-21', 'M2', '080044', 0, NULL, NULL),
       ('1284087', 'TRANCART', 'CHRISTINE', 'F', '1966-12-11', 'M4', '080061', 0, NULL, NULL),
       ('1285547', 'HEIN', 'XAVIER', 'M', '1982-03-31', 'M1', '080014', 0, NULL, NULL),
       ('128599', 'DUPONT', 'FABIOLA', 'F', '1980-06-06', 'M2', '080021', 0, NULL, NULL),
       ('1287790', 'MORELLE', 'JEAN PHILIPPE', 'M', '1977-10-23', 'M2', '080004', 0, NULL, NULL),
       ('1288882', 'DECOUTURE', 'CHRISTOPHE', 'M', '1975-11-11', 'M3', '080021', 0, NULL, NULL),
       ('1291516', 'FERKIOUI', 'ALI', 'M', '1972-05-29', 'M3', '080021', 0, NULL, NULL),
       ('1291517', 'ABDESMED', 'MOHAMED', 'M', '1961-04-21', 'M5', '080021', 0, NULL, NULL),
       ('1291718', 'HOLLEVILLE', 'FRANCINE', 'F', '1962-09-13', 'M5', '080014', 0, NULL, NULL),
       ('1293983', 'LECOIN', 'CAMILLE', 'F', '2000-12-20', 'SE', '080071', 0, NULL, NULL),
       ('1293996', 'VUE', 'FREDERIC', 'M', '1973-02-03', 'M3', '080021', 0, NULL, NULL),
       ('1294072', 'BATTEZ', 'DAMIEN', 'M', '1990-12-13', 'M0', '080004', 0, NULL, NULL),
       ('1294908', 'LECLERC', 'PHILIPPE', 'M', '1971-09-07', 'M3', '080021', 0, NULL, NULL),
       ('1298472', 'LEFEVRE', 'JEREMY', 'M', '1992-01-17', 'SE', '080014', 0, NULL, NULL),
       ('1298481', 'VICART', 'KEVIN', 'M', '1993-07-04', 'SE', '080021', 0, NULL, NULL),
       ('1298930', 'PATTE', 'ANDRE', 'M', '1973-09-10', 'M3', '080021', 0, NULL, NULL),
       ('1299732', 'BIVILLE', 'VINCENT', 'M', '1988-04-01', 'M0', '080021', 0, NULL, NULL),
       ('1300664', 'DURAND', 'ROBERT', 'M', '1963-05-02', 'M5', '080049', 0, NULL, NULL),
       ('130122', 'LHEUREUX', 'FABIEN', 'M', '1986-12-07', 'M0', '080021', 0, NULL, NULL),
       ('130624', 'VERDIER', 'OLIVIER', 'M', '1979-02-13', 'M2', '080044', 0, NULL, NULL),
       ('1308283', 'LANFLE', 'LAURENT', 'M', '1974-01-08', 'M3', '080014', 0, NULL, NULL),
       ('1313570', 'DASSE', 'FREDERIC', 'M', '1974-07-21', 'M3', '080061', 0, NULL, NULL),
       ('1318788', 'LEBECQUE', 'ANTOINE', 'M', '2002-08-09', 'SE', '080004', 0, NULL, NULL),
       ('1320064', 'BOIZART', 'LILI', 'F', '2008-01-04', 'CA', '080014', 0, NULL, NULL),
       ('1320710', 'RUDNICKI', 'VERONIQUE', 'F', '1962-12-31', 'M5', '080028', 0, NULL, NULL),
       ('1322514', 'OLIVIER', 'CANDICE', 'F', '2009-12-11', 'CA', '080071', 0, NULL, NULL),
       ('1326968', 'NORMAND', 'QUENTIN', 'M', '2007-10-26', 'JU', '080044', 0, NULL, NULL),
       ('1329365', 'VASSEUR', 'PASCAL', 'M', '1976-10-02', 'M2', '080021', 0, NULL, NULL),
       ('1337730', 'DEMARLE', 'PHILIPPE', 'M', '1955-11-07', 'M7', '080028', 0, NULL, NULL),
       ('1362979', 'GERU', 'SYLVIE', 'F', '1971-07-29', 'M3', '080044', 0, NULL, NULL),
       ('1364950', 'TUVERI', 'JULIE', 'F', '1995-06-06', 'SE', '080014', 0, NULL, NULL),
       ('1374023', 'VIOT', 'SABINE', 'F', '1972-11-19', 'M3', '080049', 0, NULL, NULL),
       ('1374123', 'VIDAL', 'MARTINE', 'F', '1963-12-07', 'M5', '080014', 0, NULL, NULL),
       ('1375527', 'BETOURNE', 'DOMINIQUE', 'M', '1980-06-26', 'M2', '080014', 0, NULL, NULL),
       ('1375528', 'SEGUIN', 'JEAN LUC', 'M', '1971-06-04', 'M3', '080021', 0, NULL, NULL),
       ('1375530', 'BIVILLE', 'MYRIAM', 'F', '1988-08-20', 'M0', '080021', 0, NULL, NULL),
       ('1375582', 'DEWITTE', 'MICKAEL', 'M', '1980-01-15', 'M2', '080049', 0, NULL, NULL),
       ('1380403', 'LEGRIS', 'CLEMENCE', 'F', '2010-05-05', 'MI', '080071', 0, NULL, NULL),
       ('1380506', 'CAUET', 'CLAUDE', 'M', '1967-11-23', 'M4', '080028', 0, NULL, NULL),
       ('1380509', 'CAUET', 'MARYVONNE', 'F', '1969-07-25', 'M4', '080028', 0, NULL, NULL),
       ('1383314', 'BELLEVILLE', 'GREGORY', 'M', '1984-07-18', 'M1', '080021', 0, NULL, NULL),
       ('1383397', 'FOURMANOIR', 'GUILLAUME', 'M', '1981-06-11', 'M1', '080004', 0, NULL, NULL),
       ('1384725', 'BELET', 'MARTINE', 'F', '1959-07-08', 'M6', '080061', 0, NULL, NULL),
       ('1384729', 'MOLIN', 'JEAN PAUL', 'M', '1953-03-21', 'M7', '080061', 0, NULL, NULL),
       ('1384737', 'GRISONI', 'JACK', 'M', '1954-10-11', 'M7', '080061', 0, NULL, NULL),
       ('1385778', 'JOUBERT', 'DANIEL', 'M', '1984-02-12', 'M1', '080021', 0, NULL, NULL),
       ('1387002', 'CATHARY', 'CHRISTOPHE', 'M', '1979-07-09', 'M2', '080049', 0, NULL, NULL),
       ('1388149', 'SAULDUBOIS KELLER', 'ANNE LISE', 'F', '1978-09-25', 'M2', '080049', 0, NULL, NULL),
       ('1390589', 'DELANGUE', 'FREDERIC', 'M', '1976-05-02', 'M2', '080021', 0, NULL, NULL),
       ('1392367', 'CLEMENT', 'CORINNE', 'F', '1974-03-04', 'M3', '080061', 0, NULL, NULL),
       ('1392394', 'MAHIEUX', 'ALEXANDRE', 'M', '1987-08-23', 'M0', '080049', 0, NULL, NULL),
       ('1392412', 'RENAHY', 'PIERRE', 'M', '1989-12-10', 'M0', '080028', 0, NULL, NULL),
       ('1392922', 'COCATRIX', 'LAURENT', 'M', '1971-05-20', 'M3', '080021', 0, NULL, NULL),
       ('1393882', 'CASCALES', 'GAUTHIER', 'M', '2002-12-12', 'SE', '080014', 0, NULL, NULL),
       ('1395981', 'ROHAUT', 'GUILLAUME', 'M', '1979-11-15', 'M2', '080014', 0, NULL, NULL),
       ('1400912', 'BENOIT', 'JEAN', 'M', '1954-08-01', 'M7', '080021', 0, NULL, NULL),
       ('1408373', 'FONTAINE', 'NELLY', 'F', '1984-10-18', 'M1', '080044', 0, NULL, NULL),
       ('1410136', 'GRISONI', 'THEO', 'M', '2005-01-20', 'ES', '080004', 0, NULL, NULL),
       ('1410229', 'LEFEVRE', 'YANNICK', 'M', '1960-05-09', 'M6', '080021', 0, NULL, NULL),
       ('1411882', 'DEGARDIN', 'STEVEN', 'M', '1989-12-02', 'M0', '080021', 0, NULL, NULL),
       ('1415727', 'DUVERNE', 'JULIE', 'F', '1990-01-24', 'M0', '080061', 0, NULL, NULL),
       ('1419551', 'FLEURET', 'MARIE ODILE', 'F', '1971-07-06', 'M3', '080021', 0, NULL, NULL),
       ('1419989', 'KELLER', 'LOUISON', 'F', '2009-07-27', 'CA', '080004', 0, NULL, NULL),
       ('1422043', 'POTAGE', 'CYRIL', 'M', '1979-03-04', 'M2', '080028', 0, NULL, NULL),
       ('1427567', 'BELET', 'DIDIER', 'M', '1961-01-10', 'M5', '080061', 0, NULL, NULL),
       ('1427762', 'DHUBERT', 'DOROTHEE', 'F', '1978-08-10', 'M2', '080021', 0, NULL, NULL),
       ('1431360', 'DELBRAYELLLE', 'THEO', 'M', '2006-09-30', 'JU', '080044', 0, NULL, NULL),
       ('1432000', 'BOUCHOUCHA', 'OMEYA', 'F', '2006-02-09', 'JU', '080044', 0, NULL, NULL),
       ('143607', 'FOSSIER', 'STEPHANE', 'M', '1974-06-04', 'M3', '080014', 0, NULL, NULL),
       ('1437575', 'LE BOULAIR', 'GENEVIEVE', 'F', '1969-01-12', 'M4', '080044', 0, NULL, NULL),
       ('1437576', 'LE BOULAIR', 'MARC', 'M', '1963-12-28', 'M5', '080044', 0, NULL, NULL),
       ('1444561', 'DELBRAYELLE', 'CHRISTELLE', 'F', '1975-09-08', 'M3', '080044', 0, NULL, NULL),
       ('1448306', 'GUILLERAND', 'SANDRA', 'F', '1980-12-16', 'M2', '080044', 0, NULL, NULL),
       ('1448651', 'TRANCART', 'PHILIPPE', 'M', '1965-12-22', 'M5', '080061', 0, NULL, NULL),
       ('1451480', 'VANTARD', 'FLORENT', 'M', '1989-02-21', 'M0', '080049', 0, NULL, NULL),
       ('1452626', 'BOUGIS', 'ERIC', 'M', '1974-03-02', 'M3', '080049', 0, NULL, NULL),
       ('1454498', 'BOUZRAR', 'PATRICE', 'M', '1979-03-17', 'M2', '080014', 0, NULL, NULL),
       ('1454567', 'LARTIQUE', 'STEPHANE', 'M', '1979-01-06', 'M2', '080044', 0, NULL, NULL),
       ('1457112', 'MAGHRAOUI', 'HAMAD', 'M', '1981-06-20', 'M1', '080021', 0, NULL, NULL),
       ('1461132', 'DEPUILLE', 'CELINE', 'F', '1981-12-10', 'M1', '080021', 0, NULL, NULL),
       ('1461133', 'POINTURIER', 'MARYLENE', 'F', '1964-12-25', 'M5', '080021', 0, NULL, NULL),
       ('1461174', 'PRINGARBE', 'DIDIER', 'M', '1970-05-08', 'M4', '080021', 0, NULL, NULL),
       ('1461175', 'PHUNG', 'CHUNG LAM', 'F', '1972-01-17', 'M3', '080021', 0, NULL, NULL),
       ('1461184', 'CASCALES', 'LAURENT', 'M', '1975-03-15', 'M3', '080014', 0, NULL, NULL),
       ('1464826', 'GODE', 'OLIVIER', 'M', '1979-04-01', 'M2', '080021', 0, NULL, NULL),
       ('1465371', 'SELLEZ', 'CLOE', 'F', '1987-05-04', 'M0', '080049', 0, NULL, NULL),
       ('1469047', 'BOCLET', 'JEAN YVES', 'M', '1971-04-21', 'M3', '080004', 0, NULL, NULL),
       ('1478328', 'MELLOR', 'DOROTHEE', 'F', '1979-07-09', 'M2', '080014', 0, NULL, NULL),
       ('1491169', 'GIFFARD', 'MATHILDE', 'F', '2003-02-25', 'ES', '080004', 0, NULL, NULL),
       ('1494697', 'DELBRAYELLE', 'CLEMENT', 'M', '2001-07-10', 'SE', '080044', 0, NULL, NULL),
       ('1497288', 'MONNEHAY', 'MORGAN', 'M', '2003-07-18', 'ES', '080014', 0, NULL, NULL),
       ('1499899', 'MERCIER', 'MELVYN', 'M', '2000-05-05', 'SE', '080044', 0, NULL, NULL),
       ('1501621', 'BOUCHER', 'ANNE SOPHIE', 'F', '1976-03-02', 'M2', '080021', 0, NULL, NULL),
       ('1505752', 'THUILLIER', 'GERALD', 'M', '1976-01-21', 'M2', '080027', 0, NULL, NULL),
       ('1512477', 'RACINE', 'KARINE', 'F', '1982-05-29', 'M1', '080044', 0, NULL, NULL),
       ('1512510', 'JOSSE', 'NATHALIE', 'F', '1972-05-02', 'M3', '080021', 0, NULL, NULL),
       ('1516301', 'DENEL', 'ARNAUD', 'M', '1983-09-24', 'M1', '080021', 0, NULL, NULL),
       ('1516306', 'DHERSE', 'VIRGINIE', 'F', '1986-08-15', 'M0', '080021', 0, NULL, NULL),
       ('1519038', 'GERARD', 'GAETAN', 'M', '2004-02-14', 'ES', '080044', 0, NULL, NULL),
       ('1520358', 'HONORE', 'CATHERINE', 'F', '1965-05-08', 'M5', '080061', 0, NULL, NULL),
       ('1520443', 'RICQUE', 'ANNE', 'F', '1975-08-25', 'M3', '080021', 0, NULL, NULL),
       ('1526008', 'FLORIN', 'CHARLOTTE', 'F', '2001-11-29', 'SE', '080004', 0, NULL, NULL),
       ('1526914', 'GELLE', 'LUDOVIC', 'M', '1976-06-15', 'M2', '080021', 0, NULL, NULL),
       ('1528964', 'BUIGNET', 'MICHAEL', 'M', '1975-05-03', 'M3', '080014', 0, NULL, NULL),
       ('1531258', 'GROSSI', 'SOPHIE', 'F', '1972-05-01', 'M3', '080061', 0, NULL, NULL),
       ('1534200', 'QUEFFELEC', 'ALINE', 'F', '1973-03-12', 'M3', '080014', 0, NULL, NULL),
       ('1535411', 'FOUET', 'CAROLINE', 'F', '1980-12-10', 'M2', '080061', 0, NULL, NULL),
       ('1541742', 'MOUKAWANE', 'MOHAMED', 'M', '1979-07-07', 'M2', '080014', 0, NULL, NULL),
       ('1543128', 'NORMAND', 'GREGORY', 'M', '1980-03-21', 'M2', '080021', 0, NULL, NULL),
       ('1545211', 'MOREIRA', 'ISABELLE', 'F', '1978-08-12', 'M2', '080021', 0, NULL, NULL),
       ('1546118', 'PERON', 'YANNICK', 'M', '1959-04-18', 'M6', '080021', 0, NULL, NULL),
       ('1548026', 'SUEL', 'MARIE CHRISTINE', 'F', '1975-03-12', 'M3', '080021', 0, NULL, NULL),
       ('1548505', 'TROUILLET', 'MICHEL', 'M', '1972-04-28', 'M3', '080021', 0, NULL, NULL),
       ('1548728', 'ALFRED', 'CHRISTOPHE', 'M', '1979-12-20', 'M2', '080021', 0, NULL, NULL),
       ('1555730', 'RICHARD', 'DELPHINE', 'F', '1985-03-12', 'M1', '080021', 0, NULL, NULL),
       ('1555731', 'MONTARIOL', 'SYLVIE', 'F', '1961-12-22', 'M5', '080021', 0, NULL, NULL),
       ('1555733', 'MONTARIOL', 'PHILIPPE', 'M', '1962-03-21', 'M5', '080021', 0, NULL, NULL),
       ('1555734', 'DUPUIS', 'GWENAELLE', 'F', '1981-01-08', 'M1', '080014', 0, NULL, NULL),
       ('1556154', 'DELIENS', 'ROMUALD', 'M', '1979-05-18', 'M2', '080021', 0, NULL, NULL),
       ('1556159', 'RINGARD', 'CLEMENT', 'M', '2002-06-26', 'SE', '080014', 0, NULL, NULL),
       ('1556546', 'BATTE', 'FRANCK', 'M', '1980-03-23', 'M2', '080014', 0, NULL, NULL),
       ('1557051', 'TABARY', 'LIONEL', 'M', '1975-08-11', 'M3', '080021', 0, NULL, NULL),
       ('1558185', 'MACQUART', 'ANTHONY', 'M', '1981-10-01', 'M1', '080014', 0, NULL, NULL),
       ('1558812', 'PAYEN', 'CATHERINE', 'F', '1968-05-07', 'M4', '080061', 0, NULL, NULL),
       ('1558815', 'DUBOIS', 'FREDERIC', 'M', '1968-11-18', 'M4', '080061', 0, NULL, NULL),
       ('1559271', 'POTAGE', 'FABIENNE', 'F', '1979-10-13', 'M2', '080028', 0, NULL, NULL),
       ('1560332', 'VANSUYT', 'GUILLAUME', 'M', '2001-09-27', 'SE', '080004', 0, NULL, NULL),
       ('1563280', 'LEROY', 'HENRI', 'M', '2008-03-15', 'CA', '080071', 0, NULL, NULL),
       ('1567034', 'GENART', 'SAMUEL', 'M', '1987-08-21', 'M0', '080021', 0, NULL, NULL),
       ('1571497', 'DUPONCHELLE', 'VALERIE', 'F', '1978-02-21', 'M2', '080044', 0, NULL, NULL),
       ('1573082', 'GROSSI', 'DIDIER', 'M', '1971-04-20', 'M3', '080061', 0, NULL, NULL),
       ('1573378', 'TUTOIS', 'GREGORY', 'M', '1987-05-07', 'M0', '080021', 0, NULL, NULL),
       ('1573416', 'BUIGNET', 'CHRISTELLE', 'F', '1976-06-07', 'M2', '080014', 0, NULL, NULL),
       ('1573449', 'GIBOULET', 'PAUL', 'M', '2009-08-08', 'CA', '080014', 0, NULL, NULL),
       ('1574377', 'MOREIRA', 'CHRISTELLE', 'F', '1979-11-13', 'M2', '080021', 0, NULL, NULL),
       ('1575525', 'BISSIERE', 'SARAH', 'F', '1982-08-17', 'M1', '080021', 0, NULL, NULL),
       ('1576423', 'GOSSELIN', 'THOMAS', 'M', '1980-02-12', 'M2', '080021', 0, NULL, NULL),
       ('1580302', 'VATEL', 'ARNAUD', 'M', '1978-10-16', 'M2', '080061', 0, NULL, NULL),
       ('1581450', 'VAQUETTE', 'FREDERIC', 'M', '1976-09-06', 'M2', '080014', 0, NULL, NULL),
       ('1589422', 'HUSS', 'CHRISTELLE', 'F', '1989-03-01', 'M0', '080044', 0, NULL, NULL),
       ('1596432', 'GAUMET', 'PASCALINE', 'F', '1989-03-04', 'M0', '080021', 0, NULL, NULL),
       ('1596741', 'NONNON', 'DANIEL', 'M', '1972-09-13', 'M3', '080028', 0, NULL, NULL),
       ('1597469', 'PEDRON', 'CHRISTOPHE', 'M', '1979-06-05', 'M2', '080049', 0, NULL, NULL),
       ('1599459', 'DECLE', 'CLAUDINE', 'F', '1965-10-15', 'M5', '080049', 0, NULL, NULL),
       ('1602943', 'MESSIO', 'MELANIE', 'F', '1999-07-14', 'SE', '080004', 0, NULL, NULL),
       ('1608045', 'DESCAMPS', 'DENIS', 'M', '1973-01-09', 'M3', '080027', 0, NULL, NULL),
       ('1608046', 'PERNEL', 'FREDERIC', 'M', '1966-12-30', 'M4', '080027', 0, NULL, NULL),
       ('1608065', 'LAURENT', 'OLIVIER', 'M', '1971-03-07', 'M3', '080027', 0, NULL, NULL),
       ('1617428', 'VIEIRA', 'OLIVIER', 'M', '1977-06-18', 'M2', '080027', 0, NULL, NULL),
       ('1621186', 'BLED', 'EMILIE', 'F', '1985-05-14', 'M1', '080044', 0, NULL, NULL),
       ('1623013', 'BAECHER', 'SEBASTIEN', 'M', '1985-02-13', 'M1', '080049', 0, NULL, NULL),
       ('1624920', 'BOIDIN', 'GASPARD', 'M', '2006-09-18', 'JU', '080028', 0, NULL, NULL),
       ('1625159', 'LEFEBVRE', 'ELVIS', 'M', '2000-04-01', 'SE', '080049', 0, NULL, NULL),
       ('1625941', 'HOORNAERT', 'VINCENT', 'M', '1981-11-06', 'M1', '080021', 0, NULL, NULL),
       ('1625974', 'PAUCHET', 'YANNICK', 'M', '1988-01-29', 'M0', '080071', 0, NULL, NULL),
       ('1627243', 'THEVENIN LEBRAN', 'LOUISE MARIE', 'F', '2003-05-01', 'ES', '080071', 0, NULL, NULL),
       ('1633850', 'NANTOIS', 'JULIETTE', 'F', '2007-01-10', 'JU', '080014', 0, NULL, NULL),
       ('1639858', 'COLLIN', 'ISABELLE', 'F', '1984-03-08', 'M1', '080049', 0, NULL, NULL),
       ('1640606', 'MARTIN', 'CLAUDINE', 'F', '1970-07-11', 'M4', '080049', 0, NULL, NULL),
       ('1645137', 'BETTAN', 'MIKAEL', 'M', '1986-07-28', 'M0', '080004', 0, NULL, NULL),
       ('1646360', 'HUET RODRIGUEZ', 'NATHALIE', 'F', '1975-11-29', 'M3', '080014', 0, NULL, NULL),
       ('1649266', 'POCHET', 'MAXIME', 'M', '2005-08-17', 'ES', '080004', 0, NULL, NULL),
       ('1650342', 'ANDRIEUX', 'VINCENT', 'M', '1991-02-20', 'SE', '080021', 0, NULL, NULL),
       ('1650344', 'POUSSET', 'PATRICE', 'M', '1958-06-17', 'M6', '080021', 0, NULL, NULL),
       ('1650409', 'BARIS', 'CHLOE', 'F', '1990-09-25', 'M0', '080021', 0, NULL, NULL),
       ('1650412', 'ALLONNEAU', 'JEAN MARIE', 'M', '1958-02-09', 'M6', '080021', 0, NULL, NULL),
       ('1650419', 'SKRZYPCZAK', 'ELISA', 'F', '1990-07-11', 'M0', '080021', 0, NULL, NULL),
       ('1650837', 'BARTHELEMY', 'BENOIT', 'M', '1976-04-09', 'M2', '080049', 0, NULL, NULL),
       ('1650843', 'DENIN', 'NICOLAS', 'M', '1990-07-23', 'M0', '080021', 0, NULL, NULL),
       ('1650846', 'DECLERCQ', 'GUILHEM', 'M', '2006-05-02', 'JU', '080014', 0, NULL, NULL),
       ('1651105', 'DEJANCOURT', 'AMANDINE', 'F', '1988-08-09', 'M0', '080061', 0, NULL, NULL),
       ('1651626', 'PANSERI', 'MATTHIEU', 'M', '1982-12-28', 'M1', '080049', 0, NULL, NULL),
       ('1651641', 'MUCHEMBLED', 'JEREMY', 'M', '1984-12-26', 'M1', '080021', 0, NULL, NULL),
       ('1651695', 'MIART', 'SYLVIE', 'F', '1973-11-01', 'M3', '080049', 0, NULL, NULL),
       ('1651809', 'ROUCHEREAU', 'BRUNO', 'M', '1979-01-15', 'M2', '080021', 0, NULL, NULL),
       ('1652282', 'MARCHEUX', 'BENJAMIN', 'M', '1990-02-17', 'M0', '080044', 0, NULL, NULL),
       ('1652756', 'MELCHIOR', 'LAETITIA', 'F', '1978-05-18', 'M2', '080021', 0, NULL, NULL),
       ('1653131', 'BELLET', 'MARINA', 'F', '1995-03-06', 'SE', '080049', 0, NULL, NULL),
       ('1653146', 'FEURTE', 'SEBASTIEN', 'M', '1977-12-02', 'M2', '080021', 0, NULL, NULL),
       ('1653708', 'THIERRY', 'FLORENT', 'M', '1987-08-28', 'M0', '080028', 0, NULL, NULL),
       ('1653712', 'THIERRY', 'FLORIANE', 'F', '1991-01-04', 'SE', '080028', 0, NULL, NULL),
       ('1656066', 'CAPRON', 'ANTHONY', 'M', '1995-06-06', 'SE', '080049', 0, NULL, NULL),
       ('1657465', 'DEKERVEL', 'ALINE', 'F', '1985-06-27', 'M1', '080021', 0, NULL, NULL),
       ('165915', 'TABUTEAU', 'QUENTIN', 'M', '1972-10-13', 'M3', '080014', 0, NULL, NULL),
       ('1659847', 'MEDMOUN', 'ALI', 'M', '1983-03-12', 'M1', '080021', 0, NULL, NULL),
       ('1660844', 'MALASSAGNE', 'PASCAL', 'M', '1967-07-25', 'M4', '080021', 0, NULL, NULL),
       ('1662139', 'EUGENE', 'PEGGY', 'F', '1977-07-01', 'M2', '080021', 0, NULL, NULL),
       ('1662143', 'MICHAU', 'EMMANUEL', 'M', '1975-08-25', 'M3', '080014', 0, NULL, NULL),
       ('1664389', 'CARON', 'DIDIER', 'M', '1975-07-31', 'M3', '080014', 0, NULL, NULL),
       ('1664416', 'LAFFORGUE', 'OLIVIER', 'M', '1973-10-25', 'M3', '080014', 0, NULL, NULL),
       ('1664780', 'PILVOIX', 'CLAUDE', 'M', '1962-09-15', 'M5', '080021', 0, NULL, NULL),
       ('1668502', 'HARASSE', 'OLIVIER', 'M', '1988-01-13', 'M0', '080044', 0, NULL, NULL),
       ('1672765', 'DEBRAY', 'MICHEL', 'M', '1964-11-10', 'M5', '080028', 0, NULL, NULL),
       ('1676555', 'DOUTART', 'MELANIE', 'F', '1994-04-13', 'SE', '080004', 0, NULL, NULL),
       ('1680382', 'CHARON', 'PASCAL', 'M', '1959-10-01', 'M6', '080028', 0, NULL, NULL),
       ('1681145', 'COLAU', 'GERALD', 'M', '1976-02-21', 'M2', '080028', 0, NULL, NULL),
       ('1696704', 'FECAMP', 'AGNES', 'F', '1976-03-28', 'M2', '080027', 0, NULL, NULL),
       ('1699766', 'BOSSU', 'LAURENT', 'M', '1979-03-06', 'M2', '080014', 0, NULL, NULL),
       ('1701942', 'LALOI', 'BRUNO', 'M', '1972-07-06', 'M3', '080044', 0, NULL, NULL),
       ('1701966', 'MROZINSKI', 'LUCAS', 'M', '2006-04-12', 'JU', '080044', 0, NULL, NULL),
       ('1705876', 'HOLLVILLE', 'ESTELLE', 'F', '1976-11-01', 'M2', '080061', 0, NULL, NULL),
       ('1705993', 'VANSUYT', 'CLEMENT', 'M', '2007-12-12', 'JU', '080028', 0, NULL, NULL),
       ('1712074', 'LAMPAERT', 'JEAN CHARLES', 'M', '1971-01-10', 'M3', '080049', 0, NULL, NULL),
       ('1712076', 'OSSART', 'MARTINE', 'F', '1973-12-27', 'M3', '080049', 0, NULL, NULL),
       ('1715014', 'BIRD', 'JOHN', 'M', '1964-07-20', 'M5', '080044', 0, NULL, NULL),
       ('1720390', 'REMY', 'PHILIPPE', 'M', '1965-03-17', 'M5', '080028', 0, NULL, NULL),
       ('1721061', 'OLIVIER', 'GREGORY', 'M', '1989-12-16', 'M0', '080004', 0, NULL, NULL),
       ('1723153', 'CAZIER', 'SEVERINE', 'F', '1978-03-24', 'M2', '080014', 0, NULL, NULL),
       ('1733001', 'HONORE', 'PAUL', 'M', '1977-08-27', 'M2', '080061', 0, NULL, NULL),
       ('1735670', 'GALLAIS', 'LAURENCE', 'F', '1973-01-08', 'M3', '080014', 0, NULL, NULL),
       ('1736229', 'BIOCHE', 'JEREMY', 'M', '1994-09-09', 'SE', '080044', 0, NULL, NULL),
       ('1736848', 'PELOSO', 'SANDRINE', 'F', '1968-11-05', 'M4', '080021', 0, NULL, NULL),
       ('1738243', 'LEFEVRE', 'MATHILDE', 'F', '1982-12-03', 'M1', '080021', 0, NULL, NULL),
       ('1738246', 'RUTTEN', 'ERIC', 'M', '1969-06-08', 'M4', '080021', 0, NULL, NULL),
       ('1740840', 'BIGOT', 'MATHILDE', 'F', '1975-08-01', 'M3', '080021', 0, NULL, NULL),
       ('1743576', 'COZETTE', 'LUDOVIC', 'M', '1983-03-14', 'M1', '080014', 0, NULL, NULL),
       ('1744274', 'TELLIER', 'TEDDY', 'M', '1979-07-26', 'M2', '080021', 0, NULL, NULL),
       ('1744303', 'DESLANDES', 'SEVERINE', 'F', '1984-08-01', 'M1', '080014', 0, NULL, NULL),
       ('1747422', 'PAU ROBLOT', 'CORINNE', 'F', '1976-06-28', 'M2', '080021', 0, NULL, NULL),
       ('1747675', 'GEORGES', 'SEBASTIEN', 'M', '1983-06-05', 'M1', '080021', 0, NULL, NULL),
       ('1747791', 'BLOT', 'ETIENNE', 'M', '1989-04-29', 'M0', '080021', 0, NULL, NULL),
       ('1748379', 'RAYEZ', 'TIFFANY', 'F', '2001-09-30', 'SE', '080027', 0, NULL, NULL),
       ('1749441', 'HERMITTE', 'PASCAL', 'M', '1961-11-15', 'M5', '080021', 0, NULL, NULL),
       ('1750495', 'COUNE', 'SYLVIE', 'F', '1974-05-04', 'M3', '080014', 0, NULL, NULL),
       ('1751038', 'FERNANDES', 'SANDRINE', 'F', '1979-10-06', 'M2', '080021', 0, NULL, NULL),
       ('1752261', 'HUCLEUX', 'DAVID', 'M', '1982-02-24', 'M1', '080071', 0, NULL, NULL),
       ('1754552', 'LESAGE', 'SIMON', 'M', '1991-07-01', 'SE', '080014', 0, NULL, NULL),
       ('1754592', 'DEZENCLOS', 'FREDERIQUE', 'F', '1967-12-09', 'M4', '080027', 0, NULL, NULL),
       ('1754702', 'LARUELLE', 'LIONEL', 'M', '1977-12-28', 'M2', '080014', 0, NULL, NULL),
       ('1754870', 'NOWAK', 'ALISA', 'F', '1988-10-24', 'M0', '080021', 0, NULL, NULL),
       ('1755734', 'LOBBE', 'JULIEN', 'M', '1986-09-26', 'M0', '080004', 0, NULL, NULL),
       ('1756062', 'RAUX', 'CLEMENT', 'M', '1986-11-17', 'M0', '080021', 0, NULL, NULL),
       ('1756069', 'MAGHRAOUI', 'FARID', 'M', '1974-08-26', 'M3', '080021', 0, NULL, NULL),
       ('1756075', 'HART', 'CHRISTOPHE', 'M', '1975-05-08', 'M3', '080021', 0, NULL, NULL),
       ('1756081', 'LECLERCQ', 'FANNY', 'F', '1982-12-17', 'M1', '080021', 0, NULL, NULL),
       ('1756085', 'WISCART', 'JEAN PHILIPPE', 'M', '1980-02-22', 'M2', '080021', 0, NULL, NULL),
       ('1756092', 'GAY', 'VALENTIN', 'M', '1999-08-23', 'SE', '080021', 0, NULL, NULL),
       ('1756431', 'FOURDINIER', 'QUENTIN', 'M', '1994-05-25', 'SE', '080028', 0, NULL, NULL),
       ('1756436', 'DECOBERT', 'FRANCK', 'M', '1968-10-08', 'M4', '080021', 0, NULL, NULL),
       ('1756448', 'KADDOURI', 'HAMADI', 'M', '1982-11-02', 'M1', '080021', 0, NULL, NULL),
       ('1756890', 'LE GRANDIC', 'GREGORY', 'M', '1982-11-30', 'M1', '080049', 0, NULL, NULL),
       ('1758145', 'DELEPINE', 'BERTRAND', 'M', '1987-07-26', 'M0', '080021', 0, NULL, NULL),
       ('1758165', 'LECOMTE', 'THIERRY', 'M', '1970-08-31', 'M4', '080061', 0, NULL, NULL),
       ('1759148', 'CAPITANI', 'JACKIE', 'M', '1964-10-07', 'M5', '080014', 0, NULL, NULL),
       ('1759297', 'COUPEL', 'CHRISTOPHE', 'M', '1982-08-11', 'M1', '080021', 0, NULL, NULL),
       ('1761615', 'DELAFOSSE', 'NAOMIE', 'F', '1976-11-14', 'M2', '080061', 0, NULL, NULL),
       ('1765457', 'PLEE', 'MARILAINE', 'F', '1974-03-21', 'M3', '080028', 0, NULL, NULL),
       ('1765469', 'BOULAIN', 'CHRISTOPHE', 'M', '1980-07-02', 'M2', '080028', 0, NULL, NULL),
       ('1765475', 'NOIROT', 'SEBASTIEN', 'M', '1987-04-10', 'M0', '080028', 0, NULL, NULL),
       ('1766038', 'LEROY', 'LUDOVIC', 'M', '1976-11-03', 'M2', '080071', 0, NULL, NULL),
       ('1770185', 'DEMILLY', 'STEPHANE', 'M', '1968-09-28', 'M4', '080028', 0, NULL, NULL),
       ('1770629', 'MILANO', 'GAETAN', 'M', '1992-02-05', 'SE', '080004', 0, NULL, NULL),
       ('1770639', 'JOUENNE', 'EMILIE', 'F', '1995-11-19', 'SE', '080004', 0, NULL, NULL),
       ('1771251', 'MAGNIEZ', 'CYRIL', 'M', '1997-12-12', 'SE', '080049', 0, NULL, NULL),
       ('1772143', 'PEETERS', 'FRANCK', 'M', '1969-06-22', 'M4', '080044', 0, NULL, NULL),
       ('1772159', 'WALLET', 'STEPHANE', 'M', '1971-10-05', 'M3', '080044', 0, NULL, NULL),
       ('1775061', 'ZAMBELLI', 'LOIC', 'M', '1988-10-14', 'M0', '080021', 0, NULL, NULL),
       ('1775139', 'VAN DE MOORTELE', 'STEPHANE', 'M', '1978-01-26', 'M2', '080061', 0, NULL, NULL),
       ('1775746', 'BRUCHE', 'CATHY', 'F', '1976-09-22', 'M2', '080004', 0, NULL, NULL),
       ('1778656', 'RUIS', 'JENNIFER', 'F', '1984-03-13', 'M1', '080021', 0, NULL, NULL),
       ('1778661', 'FLAN', 'DIMITRI', 'M', '1982-12-02', 'M1', '080021', 0, NULL, NULL),
       ('1781239', 'MARGOTIN', 'NICOLAS', 'M', '1974-03-08', 'M3', '080028', 0, NULL, NULL),
       ('1792911', 'LAMOTTE', 'CYRIL', 'M', '1981-09-16', 'M1', '080028', 0, NULL, NULL),
       ('1794059', 'GOUBET', 'CHRISTELLE', 'F', '1976-08-18', 'M2', '080014', 0, NULL, NULL),
       ('1794083', 'FLAHAUT', 'FREDERIC', 'M', '1983-08-24', 'M1', '080014', 0, NULL, NULL),
       ('1798662', 'MOREL', 'YVES ANDRE', 'M', '1962-06-06', 'M5', '080061', 0, NULL, NULL),
       ('1806101', 'SZCZEPANIAK', 'AUDE', 'F', '1977-02-06', 'M2', '080044', 0, NULL, NULL),
       ('181039', 'MACQUET', 'SAMUEL', 'M', '1971-02-26', 'M3', '080021', 0, NULL, NULL),
       ('1811817', 'JOLY', 'FLORENCE', 'F', '1969-09-21', 'M4', '080061', 0, NULL, NULL),
       ('1821572', 'LAGUILLAUMIE', 'CHRISTIAN', 'M', '1970-04-02', 'M4', '080021', 0, NULL, NULL),
       ('1823351', 'DELAMBRE', 'MELANIE', 'F', '1988-07-13', 'M0', '080028', 0, NULL, NULL),
       ('1824725', 'CAZIER', 'FABIENNE', 'F', '1977-01-06', 'M2', '080014', 0, NULL, NULL),
       ('1824728', 'HONVOH', 'SANDRINE', 'F', '1977-07-17', 'M2', '080044', 0, NULL, NULL),
       ('1825711', 'DUQUENHEM', 'CORINNE', 'F', '1972-12-25', 'M3', '080061', 0, NULL, NULL),
       ('1829277', 'CONNAN', 'DOMINIQUE', 'M', '1988-09-21', 'M0', '080004', 0, NULL, NULL),
       ('1833298', 'PEETERS', 'HENRY', 'M', '1994-06-04', 'SE', '080044', 0, NULL, NULL),
       ('1834038', 'PARAGE', 'CHRISTOPHE', 'M', '1986-06-15', 'M0', '080044', 0, NULL, NULL),
       ('1837207', 'BORCK', 'NICOLAS', 'M', '1986-08-14', 'M0', '080028', 0, NULL, NULL),
       ('1838144', 'GROGNOT', 'YANNICK', 'M', '1986-09-18', 'M0', '080028', 0, NULL, NULL),
       ('1843376', 'LAMRANI', 'MENAD', 'M', '2001-04-20', 'SE', '080004', 0, NULL, NULL),
       ('1846416', 'DELAMBRE', 'JACQUES', 'M', '1962-10-11', 'M5', '080028', 0, NULL, NULL),
       ('1848332', 'LENAFF', 'ELISABETH', 'F', '1959-02-05', 'M6', '080061', 0, NULL, NULL),
       ('1848911', 'HOLLVILLE', 'SABINE', 'F', '1974-01-22', 'M3', '080014', 0, NULL, NULL),
       ('1849840', 'CABASSA', 'CLAIRE', 'F', '1991-06-26', 'SE', '080021', 0, NULL, NULL),
       ('1850427', 'BIGARNET', 'EMMANUEL', 'M', '1988-06-25', 'M0', '080021', 0, NULL, NULL),
       ('1850972', 'DRUEZ', 'BRUNO', 'M', '1974-08-21', 'M3', '080021', 0, NULL, NULL),
       ('1851962', 'RINGARD', 'GEOFFREY', 'M', '2002-06-26', 'SE', '080014', 0, NULL, NULL),
       ('1855206', 'RABHI', 'MIHIDINN', 'M', '1984-01-31', 'M1', '080021', 0, NULL, NULL),
       ('1860513', 'SEGUIN', 'CEDRIC', 'M', '1986-08-18', 'M0', '080044', 0, NULL, NULL),
       ('1861421', 'GASTIGAR', 'FABIEN', 'M', '1983-12-20', 'M1', '080049', 0, NULL, NULL),
       ('1862015', 'URBANIAK', 'MARIE', 'F', '1986-11-08', 'M0', '080021', 0, NULL, NULL),
       ('1862020', 'DUPONT', 'GAEL', 'M', '1987-08-09', 'M0', '080021', 0, NULL, NULL),
       ('1862024', 'SKRZYNIARZ', 'BENJAMIN', 'M', '1997-12-13', 'SE', '080021', 0, NULL, NULL),
       ('1862358', 'RAUX', 'JULIEN', 'M', '1983-11-23', 'M1', '080021', 0, NULL, NULL),
       ('1862369', 'QUENTIN', 'FRANCK', 'M', '1974-06-04', 'M3', '080021', 0, NULL, NULL),
       ('1862374', 'ROBILLARD', 'SEBASTIEN', 'M', '1984-06-08', 'M1', '080021', 0, NULL, NULL),
       ('1862383', 'LEBON', 'MEGANNE', 'F', '2006-01-14', 'JU', '080021', 0, NULL, NULL),
       ('1862419', 'THERON', 'REMI', 'M', '1988-11-10', 'M0', '080014', 0, NULL, NULL),
       ('1862870', 'LEFEVRE', 'ANTOINE', 'M', '1991-10-11', 'SE', '080004', 0, NULL, NULL),
       ('1863249', 'HUK', 'LAURENT', 'M', '1973-05-26', 'M3', '080021', 0, NULL, NULL),
       ('1863279', 'DEMARSEILLE', 'MARTIAL', 'M', '1975-02-14', 'M3', '080049', 0, NULL, NULL),
       ('1863322', 'DAVOUSE', 'THOMAS', 'M', '1977-03-17', 'M2', '080061', 0, NULL, NULL),
       ('1863392', 'PINAUD', 'BENOIT', 'M', '1967-04-10', 'M4', '080061', 0, NULL, NULL),
       ('1863748', 'BELLET', 'JEROME', 'M', '1980-11-30', 'M2', '080028', 0, NULL, NULL),
       ('1864251', 'MARCHAL', 'CHRISTOPHE', 'M', '1971-06-05', 'M3', '080021', 0, NULL, NULL),
       ('1864512', 'VERMES', 'MATHIEU', 'M', '1971-06-23', 'M3', '080071', 0, NULL, NULL),
       ('1865251', 'SERAFFIN', 'MARIE', 'F', '1999-08-16', 'SE', '080004', 0, NULL, NULL),
       ('1865352', 'GHANDAOUI', 'YASSINE', 'M', '1986-09-18', 'M0', '080014', 0, NULL, NULL),
       ('1866869', 'BALDE', 'MARIE', 'F', '1978-08-13', 'M2', '080049', 0, NULL, NULL),
       ('1866891', 'LEULIER', 'ARNAUD', 'M', '1981-07-02', 'M1', '080021', 0, NULL, NULL),
       ('1867354', 'DETOURNAY', 'ALAIN', 'M', '1992-12-28', 'SE', '080021', 0, NULL, NULL),
       ('1874064', 'HERMANT', 'FANNY', 'F', '1982-01-13', 'M1', '080021', 0, NULL, NULL),
       ('1875202', 'GALET', 'LAURY', 'F', '1987-12-15', 'M0', '080044', 0, NULL, NULL),
       ('1878810', 'FAY', 'STEPHANIE', 'F', '1975-03-04', 'M3', '080014', 0, NULL, NULL),
       ('1878820', 'GIBOULET', 'JULIETTE', 'F', '1977-09-18', 'M2', '080014', 0, NULL, NULL),
       ('1879381', 'FOURNIER', 'YOHANN', 'M', '1984-08-28', 'M1', '080021', 0, NULL, NULL),
       ('1880311', 'LEGRIS', 'LIONEL', 'M', '1974-12-14', 'M3', '080071', 0, NULL, NULL),
       ('1885501', 'VERMES', 'VALENTIN', 'M', '2002-07-15', 'SE', '080071', 0, NULL, NULL),
       ('1886800', 'POIDEVIN', 'OLIVIER', 'M', '1986-04-19', 'M0', '080049', 0, NULL, NULL),
       ('1888097', 'FEURTE', 'CYRILLE', 'F', '1977-01-05', 'M2', '080049', 0, NULL, NULL),
       ('1888450', 'OGER', 'MAGALI', 'F', '1974-05-16', 'M3', '080061', 0, NULL, NULL),
       ('1888505', 'ROUSSEL', 'SOPHIE', 'F', '1985-04-14', 'M1', '080014', 0, NULL, NULL),
       ('1888688', 'DESMARET', 'JADE', 'F', '2008-07-05', 'CA', '080071', 0, NULL, NULL),
       ('1894249', 'DALONGEVILLE', 'AURELIEN', 'M', '1989-02-20', 'M0', '080028', 0, NULL, NULL),
       ('1897118', 'VANSUYT', 'PASCAL', 'M', '1970-05-12', 'M4', '080028', 0, NULL, NULL),
       ('189917', 'BOUBERT', 'VIRGINIE', 'F', '1980-10-12', 'M2', '080021', 0, NULL, NULL),
       ('1901160', 'COLLOMB', 'ALEXIS', 'M', '2004-11-05', 'ES', '080071', 0, NULL, NULL),
       ('1903552', 'MONNIER', 'ALAIN', 'M', '1975-05-29', 'M3', '080028', 0, NULL, NULL),
       ('1906509', 'MONTARDIER', 'SEBASTIEN', 'M', '1983-03-05', 'M1', '080021', 0, NULL, NULL),
       ('1906524', 'COZETTE', 'DAVID', 'M', '1981-08-11', 'M1', '080021', 0, NULL, NULL),
       ('1907396', 'TRAN VAN', 'SOLENE', 'F', '2005-03-10', 'ES', '080004', 0, NULL, NULL),
       ('1907409', 'TOUATI', 'CLEMENT', 'M', '2006-01-23', 'JU', '080004', 0, NULL, NULL),
       ('1907451', 'TRAN VAN', 'PIERRE', 'M', '2007-07-13', 'JU', '080004', 0, NULL, NULL),
       ('1907474', 'RICHE', 'HELENE', 'F', '1982-04-24', 'M1', '080049', 0, NULL, NULL),
       ('1907521', 'MASSE', 'ELISE', 'F', '2001-07-04', 'SE', '080049', 0, NULL, NULL),
       ('1914570', 'SERRISIER', 'CLAIRE', 'F', '2004-01-16', 'ES', '080004', 0, NULL, NULL),
       ('1914576', 'HATIF', 'FREDERIC', 'M', '1974-09-05', 'M3', '080061', 0, NULL, NULL),
       ('1914588', 'ITSWEIRE', 'LIONEL', 'M', '1968-06-30', 'M4', '080061', 0, NULL, NULL),
       ('1914596', 'ITSWEIRE', 'VALERIE', 'F', '1971-04-03', 'M3', '080061', 0, NULL, NULL),
       ('1918777', 'EVEN', 'GUILLAUME', 'M', '1988-10-08', 'M0', '080028', 0, NULL, NULL),
       ('1918890', 'VANHUSE', 'VINCENT', 'M', '1987-01-19', 'M0', '080021', 0, NULL, NULL),
       ('1921049', 'LAURAIN', 'VALERIE', 'F', '1981-09-24', 'M1', '080061', 0, NULL, NULL),
       ('1925380', 'MURAZ', 'JULIETTE', 'F', '2005-05-24', 'ES', '080014', 0, NULL, NULL),
       ('1933244', 'FERNET', 'LISE', 'F', '1973-01-12', 'M3', '080014', 0, NULL, NULL),
       ('1938261', 'LEMAIRE', 'JULES', 'M', '2007-12-31', 'JU', '080004', 0, NULL, NULL),
       ('1938663', 'NOURTIER', 'JEAN PIERRE', 'M', '1956-07-27', 'M6', '080061', 0, NULL, NULL),
       ('1938724', 'MAGNIER', 'VINCENT', 'M', '1982-03-20', 'M1', '080021', 0, NULL, NULL),
       ('1940013', 'GROSSI', 'CAMILLE', 'F', '2005-05-02', 'ES', '080004', 0, NULL, NULL),
       ('1940956', 'DEFOSSE', 'LAETITIA', 'F', '1985-05-01', 'M1', '080044', 0, NULL, NULL),
       ('1941456', 'BOURDILLON', 'FRANCK', 'M', '1977-08-05', 'M2', '080044', 0, NULL, NULL),
       ('1942432', 'DE BAILLIENCOURT', 'NATHALIE', 'F', '1980-11-02', 'M2', '080071', 0, NULL, NULL),
       ('1944439', 'NEUEZ', 'DAVID', 'M', '1980-04-28', 'M2', '080021', 0, NULL, NULL),
       ('1945880', 'BERTRAND', 'TONY', 'M', '1986-01-31', 'M0', '080049', 0, NULL, NULL),
       ('1946329', 'LEGRIS', 'SANDRA', 'F', '1978-01-24', 'M2', '080071', 0, NULL, NULL),
       ('194981', 'LAMPAERT', 'JEAN MICHEL', 'M', '1963-10-06', 'M5', '080044', 0, NULL, NULL),
       ('1951380', 'DEMARCY', 'CHRISTELLE', 'F', '1979-01-13', 'M2', '080044', 0, NULL, NULL),
       ('1953193', 'CHESNEAU', 'MARIE', 'F', '1994-07-13', 'SE', '080049', 0, NULL, NULL),
       ('1954511', 'BRIOIS', 'ANDONIAINA MIRANA', 'F', '1981-05-08', 'M1', '080027', 0, NULL, NULL),
       ('1955850', 'GANTIER', 'BAPTISTE', 'M', '2005-02-21', 'ES', '080071', 0, NULL, NULL),
       ('1957144', 'DUPAS', 'STEPHANE', 'M', '1974-07-29', 'M3', '080049', 0, NULL, NULL),
       ('1958133', 'CHASSINE', 'MARIE CELESTE', 'F', '1992-07-24', 'SE', '080049', 0, NULL, NULL),
       ('1958202', 'PRONIEZ', 'FABIEN', 'M', '1979-11-16', 'M2', '080028', 0, NULL, NULL),
       ('1958933', 'BOURBON', 'CATHERINE', 'F', '1997-09-29', 'SE', '080004', 0, NULL, NULL),
       ('1959344', 'CARPENTIER', 'CORENTIN', 'M', '2010-03-19', 'MI', '080028', 0, NULL, NULL),
       ('1960005', 'LEGUILLIER', 'STEPHANIE', 'F', '1983-08-12', 'M1', '080014', 0, NULL, NULL),
       ('1960218', 'PODJUK', 'JORDAN', 'M', '1998-03-09', 'SE', '080028', 0, NULL, NULL),
       ('1960631', 'CLERENTIN', 'CYRIL', 'M', '1981-12-30', 'M1', '080004', 0, NULL, NULL),
       ('1961962', 'LEGUILLIER', 'WILLIAMS', 'M', '1977-07-15', 'M2', '080014', 0, NULL, NULL),
       ('1962493', 'DUHAUPAS', 'SAMUEL', 'M', '1988-11-27', 'M0', '080021', 0, NULL, NULL),
       ('1963547', 'VARELA FERNANDES', 'NALDI', 'F', '1978-03-23', 'M2', '080021', 0, NULL, NULL),
       ('1963548', 'MARRAS', 'GIUSEPPINA', 'F', '1983-05-28', 'M1', '080021', 0, NULL, NULL),
       ('1964326', 'LOLEKO MBOYO', 'HAROUNA', 'M', '2001-07-26', 'SE', '080004', 0, NULL, NULL),
       ('1964597', 'ABDELKARIM', 'ABDELMOUMAINE', 'M', '2005-04-27', 'ES', '080071', 0, NULL, NULL),
       ('1964697', 'LECLERC', 'CHRISTOPHE', 'M', '1976-07-28', 'M2', '080021', 0, NULL, NULL),
       ('1965024', 'DELAPORTE', 'LAURENT', 'M', '1982-09-28', 'M1', '080021', 0, NULL, NULL),
       ('1966872', 'CANON', 'LISE', 'F', '1972-05-23', 'M3', '080021', 0, NULL, NULL),
       ('1966884', 'DUHAMEL', 'RUDY', 'M', '1983-03-01', 'M1', '080027', 0, NULL, NULL),
       ('1966901', 'DA SILVA BARBOSA', 'TEDDY', 'M', '1987-06-13', 'M0', '080021', 0, NULL, NULL),
       ('1967364', 'BOULNOIS', 'PHILIPPE', 'M', '1969-06-20', 'M4', '080004', 0, NULL, NULL),
       ('1967656', 'BOETTE', 'STEPHANIE', 'F', '1981-01-05', 'M1', '080021', 0, NULL, NULL),
       ('1967907', 'LEDOUX', 'DAVID', 'M', '1979-12-02', 'M2', '080028', 0, NULL, NULL),
       ('1967945', 'LEGRAND', 'AMELIE', 'F', '1991-07-30', 'SE', '080061', 0, NULL, NULL),
       ('1967946', 'HUMBERT', 'PAULINE', 'F', '1990-09-16', 'M0', '080061', 0, NULL, NULL),
       ('1967969', 'MOREL', 'EMELINE', 'F', '1983-03-16', 'M1', '080061', 0, NULL, NULL),
       ('1968181', 'MOREL', 'ALAN', 'M', '1987-03-21', 'M0', '080014', 0, NULL, NULL),
       ('1968682', 'BOULAIN', 'EMMA', 'F', '2009-06-10', 'CA', '080028', 0, NULL, NULL),
       ('1968944', 'BODECOT', 'JULIEN', 'M', '1987-04-24', 'M0', '080014', 0, NULL, NULL),
       ('1969070', 'VALERS', 'KENJI', 'M', '1992-05-28', 'SE', '080028', 0, NULL, NULL),
       ('1969435', 'AVISSE', 'SEBASTIEN', 'M', '1993-11-18', 'SE', '080061', 0, NULL, NULL),
       ('1970289', 'VANHERPE', 'JEAN REMI', 'M', '1959-04-10', 'M6', '080049', 0, NULL, NULL),
       ('1970491', 'LEFEBVRE', 'FRANCK', 'M', '1975-07-08', 'M3', '080021', 0, NULL, NULL),
       ('1970505', 'GAZEAU', 'CHLOE', 'F', '1999-06-08', 'SE', '080004', 0, NULL, NULL),
       ('1970510', 'TROGNEUX', 'JEAN JACQUES', 'M', '1988-02-14', 'M0', '080004', 0, NULL, NULL),
       ('1973429', 'GREBONVAL', 'BRIGITTE', 'F', '1963-11-29', 'M5', '080061', 0, NULL, NULL),
       ('1973450', 'DEVISMES', 'LAURENT', 'M', '1982-02-09', 'M1', '080071', 0, NULL, NULL),
       ('1974389', 'OGER', 'PASCALE', 'F', '1980-12-24', 'M2', '080014', 0, NULL, NULL),
       ('1974538', 'VARLET', 'ALIX', 'F', '2007-03-02', 'JU', '080014', 0, NULL, NULL),
       ('1974967', 'BERNARD', 'GEOFFREY', 'M', '1996-12-13', 'SE', '080028', 0, NULL, NULL),
       ('1977353', 'LECOMTE', 'AGATHE', 'F', '2009-09-13', 'CA', '080014', 0, NULL, NULL),
       ('1980321', 'FAUVERGUE', 'BENJAMIN', 'M', '1995-05-04', 'SE', '080004', 0, NULL, NULL),
       ('1980332', 'DANIEL', 'KEVIN', 'M', '2002-09-22', 'SE', '080004', 0, NULL, NULL),
       ('1981118', 'RAYON', 'CATHERINE', 'F', '1974-08-24', 'M3', '080061', 0, NULL, NULL),
       ('1982799', 'SOW', 'ROBERT', 'M', '1979-08-05', 'M2', '080061', 0, NULL, NULL),
       ('1987082', 'DARRAS', 'REGINE', 'F', '1984-10-01', 'M1', '080021', 0, NULL, NULL),
       ('1987090', 'GAMARD', 'CHRISTOPHE', 'M', '1972-10-04', 'M3', '080021', 0, NULL, NULL),
       ('1987101', 'PERRAI', 'RENAUD', 'M', '1987-03-17', 'M0', '080021', 0, NULL, NULL),
       ('1987561', 'SAVOYE', 'SEVERINE', 'F', '1979-02-12', 'M2', '080061', 0, NULL, NULL),
       ('1991297', 'ABDELKRIM', 'TAHAR', 'M', '1981-11-11', 'M1', '080021', 0, NULL, NULL),
       ('1992914', 'TINENCOURT', 'CLAIRE', 'F', '1987-02-14', 'M0', '080014', 0, NULL, NULL),
       ('1992920', 'REID', 'ALISON', 'F', '1988-11-03', 'M0', '080014', 0, NULL, NULL),
       ('1993205', 'DUFOUR', 'LOUISE', 'F', '2010-03-13', 'MI', '080071', 0, NULL, NULL),
       ('1993427', 'LEFERT', 'AGNES', 'F', '1987-08-30', 'M0', '080061', 0, NULL, NULL),
       ('1999386', 'HANNECART', 'ESTELLE', 'F', '1982-11-20', 'M1', '080028', 0, NULL, NULL),
       ('2000417', 'DESWAERTE', 'CHARLES', 'M', '2000-04-25', 'SE', '080028', 0, NULL, NULL),
       ('200222', 'ZOUAD', 'AKIM', 'M', '1983-07-09', 'M1', '080004', 0, NULL, NULL),
       ('2005519', 'CARREZ', 'HELENE', 'F', '1986-09-28', 'M0', '080049', 0, NULL, NULL),
       ('2010299', 'ELMEMARI PUBLIO', 'ANA PAULA', 'F', '1982-03-28', 'M1', '080014', 0, NULL, NULL),
       ('2010619', 'FRANCATEL', 'LAURENT', 'M', '1975-12-06', 'M3', '080061', 0, NULL, NULL),
       ('2011134', 'JOLY', 'HELENE', 'F', '1973-10-06', 'M3', '080021', 0, NULL, NULL),
       ('2012775', 'VASSEUR', 'ADELE', 'F', '2010-02-17', 'MI', '080028', 0, NULL, NULL),
       ('2012981', 'CARRUETTE', 'CLEMENCE', 'F', '1990-02-16', 'M0', '080049', 0, NULL, NULL),
       ('2012985', 'JOLY', 'THIERRY', 'M', '1980-11-16', 'M2', '080049', 0, NULL, NULL),
       ('2016784', 'PECOURT', 'XAVIER', 'M', '2005-07-03', 'ES', '080014', 0, NULL, NULL),
       ('2016790', 'PECOURT', 'ANAIS', 'F', '2007-07-09', 'JU', '080014', 0, NULL, NULL),
       ('2016795', 'DUHAMEL', 'JULIE', 'F', '1991-03-04', 'SE', '080014', 0, NULL, NULL),
       ('2017323', 'LARGILLERE', 'FRANCK', 'M', '1995-10-26', 'SE', '080028', 0, NULL, NULL),
       ('2020312', 'LE BESQ', 'STEPHANIE', 'F', '1986-02-07', 'M0', '080071', 0, NULL, NULL),
       ('2020533', 'GHANDAOUI', 'ILYAS', 'M', '2009-12-10', 'CA', '080014', 0, NULL, NULL),
       ('2022024', 'JORON', 'AURELIE', 'F', '1992-03-06', 'SE', '080014', 0, NULL, NULL),
       ('2023671', 'TEURKI', 'SMAEL', 'M', '1994-03-08', 'SE', '080021', 0, NULL, NULL),
       ('202748', 'FEUCHER', 'JEAN LUC', 'M', '1964-09-07', 'M5', '080021', 0, NULL, NULL),
       ('2028357', 'BOOMKARTNER', 'FLORIAN', 'M', '1998-06-29', 'SE', '080004', 0, NULL, NULL),
       ('2028710', 'SKUPIEN', 'RAPHAELE', 'F', '1994-04-02', 'SE', '080004', 0, NULL, NULL),
       ('2029188', 'DEVILLERS', 'FREDERIC', 'M', '1979-11-17', 'M2', '080021', 0, NULL, NULL),
       ('2029973', 'DEMABRE', 'AGNES', 'F', '1974-05-06', 'M3', '080014', 0, NULL, NULL),
       ('2030257', 'LEGRAND', 'NICOLAS', 'M', '1980-07-18', 'M2', '080049', 0, NULL, NULL),
       ('2033990', 'HANNECART', 'MARIANNE', 'F', '2009-10-20', 'CA', '080028', 0, NULL, NULL),
       ('2034341', 'PELTIER', 'MICHELE', 'F', '1973-07-01', 'M3', '080061', 0, NULL, NULL),
       ('2037360', 'POUTRAIN', 'PHILIPPINE', 'F', '2010-07-18', 'MI', '080014', 0, NULL, NULL),
       ('2038546', 'ROUSSEL', 'GREGORY', 'M', '1987-01-30', 'M0', '080028', 0, NULL, NULL),
       ('2038558', 'MORELLE', 'HUGO', 'M', '2007-04-28', 'JU', '080028', 0, NULL, NULL),
       ('2038843', 'MARECHAL', 'JOHANN', 'M', '1982-03-21', 'M1', '080049', 0, NULL, NULL),
       ('2038929', 'GODOT', 'VIRGINIE', 'F', '1979-09-24', 'M2', '080021', 0, NULL, NULL),
       ('2039793', 'BARDET', 'JONATHAN', 'M', '1989-05-23', 'M0', '080049', 0, NULL, NULL),
       ('2040756', 'AYMARD', 'JOELLE', 'F', '1976-09-09', 'M2', '080061', 0, NULL, NULL),
       ('2044892', 'DUBUC', 'MARIE', 'F', '1977-02-22', 'M2', '080021', 0, NULL, NULL),
       ('2048013', 'POCQUES', 'LAURENT', 'M', '1976-11-12', 'M2', '080014', 0, NULL, NULL),
       ('2049060', 'DOLLE', 'SANDRINE', 'F', '1983-06-06', 'M1', '080044', 0, NULL, NULL),
       ('2050449', 'TROQUENET', 'CLEMENT', 'M', '2005-11-07', 'ES', '080049', 0, NULL, NULL),
       ('2054055', 'ABOUBI', 'MAURAD', 'M', '1983-12-19', 'M1', '080014', 0, NULL, NULL),
       ('2056015', 'SCHMUCK', 'ROMANIE', 'F', '1989-12-18', 'M0', '080044', 0, NULL, NULL),
       ('2056676', 'LOPES LAMY', 'SARAH', 'F', '1979-02-12', 'M2', '080021', 0, NULL, NULL),
       ('2057461', 'LHERBIER', 'NICOLAS', 'M', '1979-06-17', 'M2', '080021', 0, NULL, NULL),
       ('2057667', 'GAUTHIER', 'VALERIE', 'F', '1985-01-12', 'M1', '080061', 0, NULL, NULL),
       ('2059008', 'MERCIER', 'JULIEN', 'M', '1987-03-25', 'M0', '080044', 0, NULL, NULL),
       ('2059648', 'SPICHER', 'SABINE', 'F', '1981-07-26', 'M1', '080021', 0, NULL, NULL),
       ('2060397', 'CADET', 'JUSTIN', 'M', '2000-10-12', 'SE', '080071', 0, NULL, NULL),
       ('2061788', 'MERLIN', 'SABRINA', 'F', '1988-02-18', 'M0', '080021', 0, NULL, NULL),
       ('2061867', 'OGER', 'FRANCOIS', 'M', '1966-04-01', 'M4', '080014', 0, NULL, NULL),
       ('2064281', 'LONGCHAMP', 'NICOLAS', 'M', '1993-08-12', 'SE', '080004', 0, NULL, NULL),
       ('2065395', 'PICQUE', 'MICHAEL', 'M', '1987-06-29', 'M0', '080028', 0, NULL, NULL),
       ('2065860', 'OMS', 'NICOLAS', 'M', '1986-10-28', 'M0', '080061', 0, NULL, NULL),
       ('2065986', 'CLAISSE', 'JULIEN', 'M', '1984-10-05', 'M1', '080061', 0, NULL, NULL),
       ('2071179', 'DALONGEVILLE', 'VERONIQUE', 'F', '1990-10-22', 'M0', '080028', 0, NULL, NULL),
       ('2071189', 'CAUMARTIN', 'CHRISTOPHE', 'M', '1975-05-26', 'M3', '080021', 0, NULL, NULL),
       ('2071311', 'BOURGOIS', 'MAXIME', 'M', '1986-09-24', 'M0', '080021', 0, NULL, NULL),
       ('2071369', 'COUDEVYLLE', 'VANESSA', 'F', '1979-09-29', 'M2', '080021', 0, NULL, NULL),
       ('2071374', 'DOMINGUES ALVES', 'JEAN PAUL', 'M', '1980-07-12', 'M2', '080021', 0, NULL, NULL),
       ('2071375', 'BLOT', 'DOROTHEE', 'F', '1986-07-18', 'M0', '080028', 0, NULL, NULL),
       ('2071377', 'DORDAIN', 'STEPHANE', 'M', '1980-02-09', 'M2', '080021', 0, NULL, NULL),
       ('2071489', 'BERTRAND', 'OLIVIER', 'M', '1981-03-24', 'M1', '080049', 0, NULL, NULL),
       ('2071497', 'LEROGNON', 'AURORE', 'F', '1978-06-12', 'M2', '080021', 0, NULL, NULL),
       ('2071501', 'LOUEY', 'SOPHIE', 'F', '1993-10-28', 'SE', '080021', 0, NULL, NULL),
       ('2071507', 'POQUET', 'ANGELIQUE', 'F', '1983-05-17', 'M1', '080021', 0, NULL, NULL),
       ('2071508', 'ROUCHEREAU', 'AMELIE', 'F', '1980-03-04', 'M2', '080021', 0, NULL, NULL),
       ('2071637', 'GOTTIS', 'VANESSA', 'F', '1987-07-20', 'M0', '080028', 0, NULL, NULL),
       ('2071711', 'GAFFE', 'EDDY', 'M', '1993-05-18', 'SE', '080071', 0, NULL, NULL),
       ('2071796', 'DUPONCHEL', 'MATTHIEU', 'M', '1996-02-27', 'SE', '080028', 0, NULL, NULL),
       ('2071798', 'DUPONCHEL', 'CONSTANCE', 'F', '1996-01-09', 'SE', '080028', 0, NULL, NULL),
       ('2071812', 'POQUET', 'CHARLYNE', 'F', '2010-05-13', 'MI', '080021', 0, NULL, NULL),
       ('2071865', 'ROBLIN', 'ARNAUD', 'M', '1981-01-15', 'M1', '080021', 0, NULL, NULL),
       ('2071968', 'LEBLOND', 'SEBASTIEN', 'M', '1980-08-05', 'M2', '080027', 0, NULL, NULL),
       ('2072318', 'BIZET', 'CECILIA', 'F', '1980-10-16', 'M2', '080014', 0, NULL, NULL),
       ('2072532', 'MIRVAL', 'MELISSA', 'F', '1995-11-02', 'SE', '080004', 0, NULL, NULL),
       ('2072537', 'BONNAY', 'CHARLINE', 'F', '1998-05-08', 'SE', '080004', 0, NULL, NULL),
       ('2072538', 'ANSARD', 'ALEXIS', 'M', '1995-06-08', 'SE', '080004', 0, NULL, NULL),
       ('2072833', 'HAVRET', 'EMILIE', 'F', '1988-11-16', 'M0', '080021', 0, NULL, NULL),
       ('2073046', 'BENOIT', 'ARTHUR', 'M', '2008-06-13', 'CA', '080021', 0, NULL, NULL),
       ('2073468', 'THERIER', 'THIBAUT', 'M', '1991-08-10', 'SE', '080014', 0, NULL, NULL),
       ('2073792', 'DUQUESNE', 'FRANCOIS', 'M', '1997-04-01', 'SE', '080004', 0, NULL, NULL),
       ('2073795', 'BAILLET', 'ALEXANDRE', 'M', '1990-04-24', 'M0', '080004', 0, NULL, NULL),
       ('2074097', 'DACHEUX', 'ELODIE', 'F', '1990-09-30', 'M0', '080061', 0, NULL, NULL),
       ('2074261', 'PECOURT', 'CHRISTOPHE', 'M', '1983-11-14', 'M1', '080014', 0, NULL, NULL),
       ('2074438', 'LEROY', 'GERARD', 'M', '1960-02-20', 'M6', '080004', 0, NULL, NULL),
       ('2074441', 'DELAHAYE', 'JULIEN', 'M', '1996-10-04', 'SE', '080004', 0, NULL, NULL),
       ('2075732', 'LANNOY', 'FANNY', 'F', '1976-04-06', 'M2', '080021', 0, NULL, NULL),
       ('2075938', 'PENEL', 'MARION', 'F', '1990-02-12', 'M0', '080021', 0, NULL, NULL);
INSERT INTO coureur (licence, nom, prenom, sexe, dateNaissance, idCategorie, idClub, ffa, email, telephone)
VALUES ('2076725', 'DHAILLE', 'GUILLAUME', 'M', '1986-02-06', 'M0', '080004', 0, NULL, NULL),
       ('2076796', 'LAMAN', 'REGIS', 'M', '1964-12-23', 'M5', '080021', 0, NULL, NULL),
       ('2077056', 'HILEY', 'ALEXANDER', 'M', '1987-10-04', 'M0', '080071', 0, NULL, NULL),
       ('2077084', 'DEBUSSCHER', 'JEAN', 'M', '2010-07-26', 'MI', '080004', 0, NULL, NULL),
       ('2077200', 'BOUMEDIENE', 'AHMED', 'M', '1984-02-29', 'M1', '080021', 0, NULL, NULL),
       ('2079767', 'HAUTECOEUR', 'RENAUD', 'M', '1981-12-13', 'M1', '080049', 0, NULL, NULL),
       ('2080071', 'DESMAREST', 'MARIE', 'F', '2008-11-23', 'CA', '080004', 0, NULL, NULL),
       ('2080118', 'KOZAK DOLPHIN', 'JEAN EDOUARD', 'M', '2010-04-07', 'MI', '080004', 0, NULL, NULL),
       ('2080838', 'LECOMTE', 'CHRISTOPHE', 'M', '1973-03-09', 'M3', '080014', 0, NULL, NULL),
       ('2083400', 'CARREZ', 'SEBASTIEN', 'M', '1981-02-06', 'M1', '080049', 0, NULL, NULL),
       ('2083407', 'FINET', 'JULIEN', 'M', '1985-10-16', 'M1', '080049', 0, NULL, NULL),
       ('2084069', 'BOURSE', 'PHILIPPE', 'M', '1977-11-30', 'M2', '080044', 0, NULL, NULL),
       ('2084075', 'BOURSE', 'VALERIE', 'F', '1976-01-06', 'M2', '080044', 0, NULL, NULL),
       ('2084830', 'WISCART', 'CATHERINE', 'F', '1979-08-23', 'M2', '080021', 0, NULL, NULL),
       ('2085241', 'HENONIN', 'VERONIQUE', 'F', '1981-10-24', 'M1', '080014', 0, NULL, NULL),
       ('2087814', 'RENSON', 'SALOME', 'F', '2008-06-27', 'CA', '080004', 0, NULL, NULL),
       ('2087820', 'DOS SANTOS', 'MAEL', 'M', '2011-02-15', 'MI', '080004', 0, NULL, NULL),
       ('208801', 'FRANCELLE', 'HUBERT', 'M', '1955-09-29', 'M7', '080021', 0, NULL, NULL),
       ('208803', 'CLAISSE', 'CHRISTIANE', 'F', '1956-10-16', 'M6', '080061', 0, NULL, NULL),
       ('2090891', 'BELHADI', 'NORDINE', 'M', '1985-12-26', 'M1', '080061', 0, NULL, NULL),
       ('2092087', 'GILLE', 'YOHAN', 'M', '1994-07-25', 'SE', '080049', 0, NULL, NULL),
       ('2094365', 'MARTIN', 'LAURENT', 'M', '1984-07-09', 'M1', '080014', 0, NULL, NULL),
       ('2094431', 'GASPARINI', 'MATTHIEU', 'M', '1987-02-09', 'M0', '080028', 0, NULL, NULL),
       ('2095318', 'ROUXEL', 'AUDREY', 'F', '1985-11-01', 'M1', '080014', 0, NULL, NULL),
       ('2095355', 'MONCONDHUY', 'MELANY', 'F', '1986-05-20', 'M0', '080014', 0, NULL, NULL),
       ('2096068', 'LEDUC', 'EMILE', 'M', '2009-05-12', 'CA', '080028', 0, NULL, NULL),
       ('2096796', 'DEHAIL', 'CORINNE', 'F', '1983-12-26', 'M1', '080071', 0, NULL, NULL),
       ('2098887', 'LECLERC', 'FRANCOIS', 'M', '1962-11-01', 'M5', '080014', 0, NULL, NULL),
       ('2099148', 'NOLLET', 'LAURINE', 'F', '1987-10-25', 'M0', '080028', 0, NULL, NULL),
       ('2099482', 'EL MOURTAFI', 'SAID', 'M', '1984-07-13', 'M1', '080021', 0, NULL, NULL);

